{"version":4,"hash":{"type":"Buffer","data":"PoBleZrHwckcio1rXTmJ9KHDvyCIvPF+KLvXKnjhXuvfLR1Li/qLnlgRUWkpic97JupqtmfsQYhllo9YO+7OZv/H50W7axWYxBPDXNry2/IStub4VEWka4LshUxv66HXd2dTnyJGnn7CfuYkhsA81Wc9NywZxlVMsjarBwAygsw="},"indexValueMap":{"P3Z9UGodR+Dy/EnHbCOFSMYDieTAhCjH/3/M1ifZrd4=":{"valueMac":{"type":"Buffer","data":"Cjh2LnMSqHRFXgFwlx/Grqtu9kYakQrpvbOoyh+aNLw="}},"BY3o4p20sStse3qZVEsZEsbcpQkG0q1pr9VQ2Gd9Wh0=":{"valueMac":{"type":"Buffer","data":"+noQC1GfPDtRUC0MU3+D4VGaYHqKrtbjhY7R4LPGi7E="}},"sZ/FpReLkcb+n+gkh+iS69UC/4LjiX6wMo4NtRk38Xs=":{"valueMac":{"type":"Buffer","data":"0S8KMXmtkWxxXff3R7KGDwLBtdzZM0ibmrZW2BAxV0o="}},"UmwQzSzJQ5ynX2mD+lpKZAUz1BYia7v7kInoWLeleYU=":{"valueMac":{"type":"Buffer","data":"wbawqBZWwHnQzm9H66yeVQctpZegfEKsik84RnkQz4U="}},"epJCleVxw4n6261aoFDaL85GQyVeY/EDnFjADArGcio=":{"valueMac":{"type":"Buffer","data":"anvzjo2kdvp4oXbH+RfKTgnXg2Rj/khDv5EFXXr8XRo="}},"2YjvVd3GaRYbxpBzwqVNObL0KPqEGIM3Zhe5fmfmRBQ=":{"valueMac":{"type":"Buffer","data":"pwfsZmVnidZJN+ue2UVAbGZ5ONwKtI/X/kRHYOWIoHM="}},"Juhm5mXzzAp0vUQ/qwPbVGDAs8ECNncsOSf30yFYEiY=":{"valueMac":{"type":"Buffer","data":"QD/i5moI3SuIpYtdhrQn6kBCk3OsUx+t997a8SbaDPM="}},"DYqQkdt9QG2MJaCmukK4RgWf8fAxLSxKR7Z250C4Ec0=":{"valueMac":{"type":"Buffer","data":"ovUsswUbEcikZ3njshxmnHvwt3FOcttgV4aVfMa7ai0="}},"zW3Q1O1prAoYy0D+C+3P3cgqwF+SA2eaGeFemkpjeQs=":{"valueMac":{"type":"Buffer","data":"YJfSwcOWUEAbq39eCf9g61zu0bgZU0MG+q9gSJpTFcY="}},"xyMDRn6UkJSSmKwXlCxmo+3yHHBVTo/eo6LCQPI9V/M=":{"valueMac":{"type":"Buffer","data":"LqN21tKpltbIGYQ9yukIVwI/sBFq+jFPWufH/XuFpCE="}},"kAFfvBcEIEUPztp1JjoT978FRQy+DuHHACIPuq3DJVg=":{"valueMac":{"type":"Buffer","data":"J311w/KMPAWDXnsGe4pFy57r/fYCZAxy5A7bX0a04WU="}},"Stce3UPFOTEF1xG6faDVAoK50tbvpUUN1nmAeS1coWc=":{"valueMac":{"type":"Buffer","data":"uRQj1QOD/fiqoXh/ey621AsF2inIHDy6zIes/agx/OQ="}},"SEl7eU+XYo4LlsqWGBP7DKkfJ/RCC5egg3/tfJXSqkg=":{"valueMac":{"type":"Buffer","data":"WHvNOWJhlV084F9zfp3n10RdGcoO9TviclIotsueaxU="}},"9jLtlTupd3md9zPyoAtd8oB3FCvRPvF07r1O5gZ/TRM=":{"valueMac":{"type":"Buffer","data":"7BUsYuF3sMhUdl029hVlg6FWAVm0wRrx0nyfMmcLlpQ="}},"dVK5C9X+o8L9u5MAQhgZiDPurNL1cSNSXcXyyK0BlCM=":{"valueMac":{"type":"Buffer","data":"V5wKoha/kxpzgwvHlM9WnlKkouOSmF5zjRfoheoCI6c="}},"tj8Pb2zPUU3AAMcGG5/mFsHxH4ajDAiWaT/OZ6wKpCs=":{"valueMac":{"type":"Buffer","data":"DiG91mZ0NWV6GGU2kp+7g2u2t0QqhEMbsD1wzqLGoVs="}}}}