{"version":3,"hash":{"type":"Buffer","data":"rOllenU7uG73G+juMOggI5K44hIeuW5I8SeyjNqWR7A0UvnqOa+xbtLxbIkWlqFZ5uyTnSJvpG0ttoG7H0trALWcuXFk+cxevoqzXhV3upsp0MrElXEiUdm9zNvs/GT7h1X3O/vAdFpORvzqGd5m4ZSUMROg8BxbB8/scX71kV4="},"indexValueMap":{"jVLiDq9x6f1KTuT8WP3O2SwQV1Po+DmrgYmtp0HI0+o=":{"valueMac":{"type":"Buffer","data":"k1lXYeZowkA23T3pXflnOk8GXuzgSvCWOYjyzrV+g3w="}},"UUirxcNRymX0whKSFxD+MeaGH7z4iEAFlawXxMoDsYg=":{"valueMac":{"type":"Buffer","data":"HjHgfX6x0/wA2xk5a4rx4h5CK4jLynpwvZdo8a7wrIs="}},"A8LKx5f2sMpfSZEhGwKWItNGVxjNKeTuv9bDq6JUwxY=":{"valueMac":{"type":"Buffer","data":"2hyy5W4UDadaoKDXlUuPDGBoThMK6/t302+j3KEVEWs="}},"G9f2yjj9UCYTgii/N7on18VCwXb+BJjpgNtLoZahDME=":{"valueMac":{"type":"Buffer","data":"qUSFVI03neVaNkkFQkQEl4UjFUWaYDwhK+9/d6zuxTE="}},"8HQYij0KK+5A+Nwncj0QsPL6A2d/CNbjhIKw7in5lCg=":{"valueMac":{"type":"Buffer","data":"mXIZ1REh9om4c8ZnaI/izX4Q3AaPuLzV0p+JapULiEg="}},"N69+y261M3jFbBTMivCZDHt9Jr1dPH28DK5CU1IBKZU=":{"valueMac":{"type":"Buffer","data":"TINQqg/NbMp+0qZmJJOiLrQfzCh2zkaHpIvqDeb4C/s="}},"Iz7/DfYnXLZM73pvhi4Jnzpnf/W8cTYNkanFASaSQdg=":{"valueMac":{"type":"Buffer","data":"K8W7XnHt14RgvJkTe9xbigB8P/uHypruSVpmcbDL9ZQ="}},"S0qSEpVW2LG9GkkBdXMDD0uj80I1RZkvmzoKprRzbMI=":{"valueMac":{"type":"Buffer","data":"p9wOZokT+n0sPzktuomJmJw6cBpwNtEKBqhpf+0AgO4="}},"SqigA/OZSu0p/4TRkRDGolPwPPGDgGhjWikJqjdXXt8=":{"valueMac":{"type":"Buffer","data":"QIGKH3H6gt3tcD/qiIycLGWqaTZpkGFF+VtcJNDpSKE="}},"ymrdt3zAGmgfgZXcF0RN4zwo7yWwqmxnwZ2l4qTuV5o=":{"valueMac":{"type":"Buffer","data":"zegTWi71ok4C3YMhfkwp2nMhzKDGKOpmOiHrk8r9wTQ="}},"Eob3I7I4e+scGorX3EG/rbO/f3UcMHKhcdRYPaynix0=":{"valueMac":{"type":"Buffer","data":"sCWyhvm45/7tQTlGVU4rlVUwTgFmkfINK2QgMaGQEI0="}},"SLHZS6LbZN6/za/c1MMa6w/oGvwPMai9DG2IPxQ9JjU=":{"valueMac":{"type":"Buffer","data":"WY2Y7tqBEVRCcYLbFu1pE1t20whUfCIHY7bW4I452fQ="}},"7jCW1VFNVIEBHppYv3cNAF6kdLbitrTjs1KXyynSEPI=":{"valueMac":{"type":"Buffer","data":"KRm7PKJc1abKVJAMWuaXT9i6jyoTnsKtBMWcWoKhi1s="}},"yYEZCDTgF/RE7tNts+cSTAzpnZ/QlYjXP84rjPwRZzg=":{"valueMac":{"type":"Buffer","data":"iD1U+TZ/s4CeaNs8/piu6pkawkU4Fweiig9pkU+oO30="}},"Osdf1dlQkSh8SKMH4zF32BGpLTTg69kXc6oGitin3eY=":{"valueMac":{"type":"Buffer","data":"jm+bc85yyzDSRdKkyR1q8dopHgSJzuCR1QDjIPEfJmE="}},"MWdewIqEhhm1BeUoJANhgCVK16NqdYf/7mx5+jizfHg=":{"valueMac":{"type":"Buffer","data":"KvGW9/qMXuOYViLANPYoovgMItYdcStACN/Wy4WTsSU="}},"GBQlwEfuTUUwOnU62+9nvW5WPMx/aUOhhc/t/I4Ozxo=":{"valueMac":{"type":"Buffer","data":"hC3Gq5rZAr3+RAEL6mDVu9g0RFCroUuahuzVx89RSLQ="}},"7y7ecY9fUXaC92kKNsY0aUt1RDo0ZBQauuBRhIHE+m8=":{"valueMac":{"type":"Buffer","data":"EYu24O2Qiz0UAHZru+/5sJUZcdbhpo0eVnUhzWIwufw="}},"dz7z9mbG/mmoAFORAnvzGEcAfXYW8dSo7Qf6AEGcV1k=":{"valueMac":{"type":"Buffer","data":"0N43mYghaW8PUfQbMw1N9hccEs3POZ/2h/sJa4C81dI="}},"zh99ctKbPfPFiawaELmO4J+FFI63u9YgOps3q/AIQ8Q=":{"valueMac":{"type":"Buffer","data":"RTH7Zkq5M7fOGMdZ1a7r4oMJNkmkGA8LtlfVxDnQV74="}},"uhTEZ0s3zVReDPcWWS9R2kareXJ/dtommhww+geKIaY=":{"valueMac":{"type":"Buffer","data":"9SYw0rYva2Wj605ljrBYXFXGOcZ4Sv8oVCVVkIc7AQQ="}},"hhjDfFBUQiftowG+hRd5kpcHd17xEFaqH2W+j5eEtAw=":{"valueMac":{"type":"Buffer","data":"xtWEQtPe4HiUJYoj0O+yoJy16VsvY8q91dW7czwL5Vw="}},"ybPMTFG16i3DwVwymg1Cr5Fi0QYiUEbjHFxrCdXWXYQ=":{"valueMac":{"type":"Buffer","data":"0H1OdDzHHhXG1FgK6s8LNStn6hissbSHZ53DrH/LOew="}},"xrFAmcTHbYLc0+FTH4gI1/C3MJa1feiTbUviPCCdA/Q=":{"valueMac":{"type":"Buffer","data":"KHUwGKA2JjzheXE3wBhLFoTXJQ9X8PgirP5h1bU5M7I="}},"ebesJQ/bBDDx2ggqTszO8CqGNW/JJDhAD74yiJ5eY9I=":{"valueMac":{"type":"Buffer","data":"StFDefIpzkoGgf+keUi3dxYR2geuZ3fuWzcoBR27DO8="}},"VB8WC45fIW1mXyXqyt1vIXDf+C2svK71CX63TdL/vLc=":{"valueMac":{"type":"Buffer","data":"8TOUl18js60j0rIVWbQlHEQWv6o6OWAH4VjJGgxTKQU="}},"2/LK2PMhuoM0aRzX3sZjAIvC/yRcs8XZdObBIvE7c2g=":{"valueMac":{"type":"Buffer","data":"fNRbMr2kin/srKkCTDtad0DIEY1BUWu6bZX89i889EM="}},"ygURVwAQv+LkNSnsUAIqJtuQbR6/s09pzaJY8zaZ38U=":{"valueMac":{"type":"Buffer","data":"M4jBxA/QYC5iCDYP2ZXPeO6ea03Drfga58GsajVUg/U="}}}}