{"version":2,"hash":{"type":"Buffer","data":"lSXqN5yKZsYUfAwhruo13nkmMXPvBMW6CZHdOvH8j3s/M+2yNcdy+/YKU1PyywFa7EuDpab7kF5Ntkz7xqVVo942SJo+T07X1ED1/Pqmm5hXcmuaCUVOsG2TN/gqiMibhpI602PTVJlln3LLN8hWJ/cJ7TNlgtFXSgzBMCkUUFA="},"indexValueMap":{"hDMlDtXPF1h/1TB8C4Cr5jaeFR2kMdVqVWt2cJIO/GU=":{"valueMac":{"type":"Buffer","data":"4NRnUbXYg50BlNQG4CA/frqqdZYHpcQuhQFDUJElM60="}},"z2DKDakbovMXoMiLl3bwy5lgAb/QJz9cvXAaLYx3k4w=":{"valueMac":{"type":"Buffer","data":"LraTHbr1txXoDgg8QdUL7//ZQDb6DWlLpqbv4VWPhLc="}},"iCH8e5vOa7txuvajcQmpihPly5YuDTUwQGmjwHFcqtM=":{"valueMac":{"type":"Buffer","data":"JbeMYasfHJ1RWnyTrxaAr4HlKnkD0hL/s2nAFhIf7uQ="}},"x2xNjKJBtsbeW94USIiZF1ey5f8abxYfD97HHGhkazk=":{"valueMac":{"type":"Buffer","data":"c0LdrgfjyfxpF0bq87iQCpl2ch+BeOIDX9ZRjDYGoU8="}},"LAjP6Hq2iSQgwqO1gPtlwIwjB4IJ/mAHg6qk/JeZ06I=":{"valueMac":{"type":"Buffer","data":"STP3qEfefF0Wx4mDGouOWi9CGYwTq+Ttk+vcr2osUQs="}},"zgvvzIKo9vFTO0Prxnk3UmFdPgbJp8rC0pLk/6iGtzs=":{"valueMac":{"type":"Buffer","data":"BwHs6a5eaprCBsfluMWNrd6RXNKemMCTHvQY1xoskJU="}},"E/sIcDJxv9tGe5D+JlQN8IfKksXdnftyPqCE10uGRbc=":{"valueMac":{"type":"Buffer","data":"eIYxF2Iy8Xc6CHdwmkXwV9VUgb9szjCjNig2DvRRZ8U="}},"RJLOKylpVX/FnhL3nlj6P/Izya0kI1Elkk2PtjV17CQ=":{"valueMac":{"type":"Buffer","data":"qBanlhus95cmBAd1In8i31csSrF8D81MZYy+ci0ID/M="}},"vSvy6UdSX01o7+kojhF54GV50jKRFVxP2ThfKUTTx3U=":{"valueMac":{"type":"Buffer","data":"taBMczORGFFYErVw+nXAMoq0drIKW1UnTPyTfWkFq9E="}},"8sTCuwSwnT8bfKH90TkKghHNcnLwgXVnj8kPtCTS0EA=":{"valueMac":{"type":"Buffer","data":"MxQRnI+7NQJf7JPsuwak8AMFZULB7oFEt48TRrKUFtc="}},"tYrijTQXhykFDNEjUaS4U3jMQ7knhGjnU/mD4VTeyoc=":{"valueMac":{"type":"Buffer","data":"YnN1sPUTBui9g01TMyOGZX6bG9gg+SJ1BOhTTBgWkJ4="}},"tkqEcS8wpN7n71KRs4Z/y5fw+U/FpB2No3CEn4SAXy4=":{"valueMac":{"type":"Buffer","data":"8iDJHhSzW1EIRgTt70b2YH8gh2pFFFl54dkTWFPi9Y8="}},"xCNm4JJwAkGx3+/UU0LvVK6KHoPXVe6+NAj0URPqDHg=":{"valueMac":{"type":"Buffer","data":"fHbuVOfpS86AlrbpP3V+rUGGrXGZNYtV/uVrZP5OMB4="}},"cfRNgo12dxryGkhfbiKqjqXV3p6/CRVXO0qYbO1b8m8=":{"valueMac":{"type":"Buffer","data":"RyV22iXfqq6nkhbBhhItds4PeE2Js/27nmfDynywfH8="}},"omvOKXT61YeO1ht/WmIyyNSIza/Y6W2bIrRlXzDKvtI=":{"valueMac":{"type":"Buffer","data":"6irApmNwxDgSzXxfTCQPPpt3b/9az/bF9X+P9ugNCoQ="}},"sQikZ28NUEdByI4cDJhLTXTqUfFW03UtVvEFNTcNj+w=":{"valueMac":{"type":"Buffer","data":"xgnSrCK+ZayoRA9G8hWTHgoGL4aQoLL4ZVW2PK5v6+4="}},"WOAz30msZUhsC/o07X26uJk/5sBVX/VKZRMdi9W9UZ0=":{"valueMac":{"type":"Buffer","data":"TaZJhw07NjvzWuZjXvJsMD9AH2ysdE59vqIWqZTkdzA="}},"47/SeqDEd8lnVoBTh0AtruOu8s1d2rf0VJcIolDE4C0=":{"valueMac":{"type":"Buffer","data":"nlqLWmFUam9AnDdgPrZUfIJkxfy63zkwx12bwA6FOXQ="}},"eg29sDqA2z7NhgCuIQe4f92CxLY0ar/YVTEAko5tYN0=":{"valueMac":{"type":"Buffer","data":"SSYiBLPBdDQkbFJRSVUXzjoV5GTPXycwK1WZZyQu9Y4="}},"AckmjRWppbHXjpJx2MzAs5MtJEX133OuNSCxoIs9Uto=":{"valueMac":{"type":"Buffer","data":"2s3lcPK8w2xsE2tgANX3tOdCEpK00g+2vXyU3MQcou4="}},"XITpO7+hOHIYazkiO37eU+LQGmNu1xLc4qvuSiIh0L4=":{"valueMac":{"type":"Buffer","data":"pjuldfwMWSvIt8tX6Xkn30gocoUDHPHJY+2PqjPLuQE="}},"dK6dsHe63iEUkw2x1WQv33h16gf80lVjtBOdye7nvHA=":{"valueMac":{"type":"Buffer","data":"d9OJwGPmeKafOr+PQyjuzZRMRSC0r0OlU3NO4THoUgs="}},"mCIzTqXwrfzPqOJblsi//hTxr6XlP/bAU82PmdOhL48=":{"valueMac":{"type":"Buffer","data":"o9PsPkpkZLMYkVxRabDmf2rbG/vANRhMhTWJ2DTK1gc="}},"hB2fgTpeoy5sZohoRwai82YLMrCg0eKcT+oFGH7cfXs=":{"valueMac":{"type":"Buffer","data":"qhLOClK29Jd/ylnzZ6/g5pphryuTNnIqQEUlKlm5ZtM="}},"Z3Mtz2oG+8Ni9rNl9mlEqMCioVPy7p9mwtW2uRD7ijQ=":{"valueMac":{"type":"Buffer","data":"+kForOpfwPLkv2Yh7R3xFkt4qAuXOlGntLOYXpEbcgk="}},"DGh1cUaIjQnTKevPdN8SDUARNEnAb6QI2L5yNg7Zhoo=":{"valueMac":{"type":"Buffer","data":"HW8PYw5g75d3zH0UkrAQ/BLY0hUUuj6kMljImNLxbmQ="}},"5iFmUI/3ZB4dHhZoExSMnUo7bmLv9zUI5r+/rA8oDZg=":{"valueMac":{"type":"Buffer","data":"iguXj4FwgvJJTmqZIkzYFk9NmdXmeJWgYy0HpvEvD/U="}},"o96GtNFWobKUof1+o1FyXPfU0dBLg29KBjFshq1sLHI=":{"valueMac":{"type":"Buffer","data":"TbUIsEE/EoWQjJIgU8aLqgG+BWjNwtN5G7fJpksKo4M="}},"8SzAsl6kUHlBjobwpH61YEluhWrpluyeFZjgWR4EA9w=":{"valueMac":{"type":"Buffer","data":"JwqHQRaMz+SxsRAhln8fN0A+VswaB1ftLqWkw5tCwIU="}},"+EfUT6meJagVzAbnmMR8BogO3xQaHjSAa8yaq7yDueg=":{"valueMac":{"type":"Buffer","data":"E6NsC0OB4CpimG8ILY5zt2QcW4lCvH4RpwbK//vmYkY="}},"AYtOf/UcprOagJSdmrmZ8Smb5fNrWbjGKkhfhK0R9SE=":{"valueMac":{"type":"Buffer","data":"JrSXaI2/zKFbKgsg88sReeROmQZB9mg2WTuA7QuM8i8="}},"xgoT92NWXuhiblbm6mIzE2/djstjx4zRKAgkUynpBQE=":{"valueMac":{"type":"Buffer","data":"Kbuc1b9GREWarMYc/HStwIPKiCl8M8VDSWTZknQPg9g="}},"JGJCqcTiTg6GbdRpDSbOp2wOwQcZD8zZD6D0ud0J+jE=":{"valueMac":{"type":"Buffer","data":"0tEUQATkcfW4GcSTH9tt5vDQbHoN3ytZrpNNq66082U="}},"23F9HeHxkctQKu2r83H4ABN5JNFiauK7Rxgx19Yq/no=":{"valueMac":{"type":"Buffer","data":"d1O0if7u6HT+OCMC22FrIH663JSkmUQiWKS3dMXTeVM="}},"lsfGdf7HMA7y0WrZZikuotGOMN4vUi4huaR0vC175S8=":{"valueMac":{"type":"Buffer","data":"wSLTko3bgBpEU5HqHmxcBZ0Tq+VmMVUtXfTPwGDQGR0="}},"CKAkYXA6stSk0qgAa+UHU1+n50mCKRgtQmjv3chW3lo=":{"valueMac":{"type":"Buffer","data":"is0lbXsHD+8I9vqDaa1vrIMD1gSjatFLuF5cmXpWR/4="}},"PBLW+V2GYUJVnY9IkCydetyGSJiAj1f9qJOUodmKgGM=":{"valueMac":{"type":"Buffer","data":"pa8dexNwoiUp+1WuIt0j8FBO69TzVm2h+VZS3y9HMY0="}},"HoR02ruvibvMd3j/wCMp3GAfKUJEahYmYiPFHYLp13U=":{"valueMac":{"type":"Buffer","data":"sif7Cm0ChsGamFqIkmT5AksJGXjfO4kx8UPdWZ/KKB0="}},"DtZmosmyZkKeZ0Yy2rI9UQeg0pC4SX3rudG7wFQAmsw=":{"valueMac":{"type":"Buffer","data":"iA7kBgcId75ZOddOyeCDN36XnHQGtJ0L4AtTdo2xsUs="}},"E5ZF/zVO7aMQGEUdH8yakjN5V5/MU0pGw1cIAeDux94=":{"valueMac":{"type":"Buffer","data":"jOWK5SOtxUCpaFm9qziU74geOdrJBKs4+OLPfX5QNEs="}},"ockRAS8t76ZzXkyVjxqYjjnMKYjJW3nveaSDty5cNKM=":{"valueMac":{"type":"Buffer","data":"1QT4D9IumFXxj3MkE8LAtY6X9dIRJJjBJZNNzS+kb88="}},"YpKF7JKctAOxRYvpptqd7tWkwM8s/wLCj41mwWD05iQ=":{"valueMac":{"type":"Buffer","data":"Fuzqn+tIfInheaIolHOx7S1B3Q+hJwx+ctDkqYNY2mY="}},"hkssOq3XOFDRa1Sqtenz4jvAPOmkceR3nV/Fl1aEdZI=":{"valueMac":{"type":"Buffer","data":"g7Z47tqEyt7jQNzgEzXM4WVZHKPxRZGXKXcoU5OR9M0="}},"7x7A0lnDXLTm699aVbfxfi+qL8DUpXcVxwnBkJnXDe8=":{"valueMac":{"type":"Buffer","data":"gQvfDuCHkR3G29Zq4acVkmuQDDvvKvPqTsrXLDW6BH4="}},"gJ9+kydg9KQ48Fi/CoAmdPNMBx+mRHGTn2vCBMV8Ejs=":{"valueMac":{"type":"Buffer","data":"j6r2YJByRm2YP2zcBG4PZ6CJ41sktpFfqObbLcibt9M="}},"642eOK9eYMEhX78jRXoXBXyuEDQljl8mJfQunTTMYZs=":{"valueMac":{"type":"Buffer","data":"dAatW6re9QGJeGs7H4IBK12xwphmh64Db8YT3+FWh0A="}},"D3zfkgY+S1PZ7hqBErDFWGTHi/pI4Sltyj5DZQwu8EA=":{"valueMac":{"type":"Buffer","data":"+apfEm3ggLrdwyKLu3DzK2u7kZZRj+ihKpA4Z6H/6wQ="}},"aOtSg8P6TqhCtQCYcSiWP6s0naA2ErxXdyPYM0vGPHo=":{"valueMac":{"type":"Buffer","data":"ZSTfTqPzVLcqBSsF6gbvifdQaHmNXRJ81+6iZqnFrK8="}},"2bJImGnqYhBcl/oYboe2vHNkgj/C1/+fxCWIa3y7ua8=":{"valueMac":{"type":"Buffer","data":"bWj32wgrqyD5cgK9d8Bi93jKNw4wR87Uva48y+ike70="}},"jfobbgKXrLbpwC28FHYx91rQoZQGhYVXtQ1Z/MMWaNM=":{"valueMac":{"type":"Buffer","data":"HAKGkUMEgmKGC5a+x9uH++uV6ijHS4s+Yc7qu8+tgjA="}},"EGjGcUJVEqDyixLflWLaJuMMvCzjnHrjOxzzYGxpM9I=":{"valueMac":{"type":"Buffer","data":"c7grab5AkLr5w9Rn880tVC4VYwSRxLSYsOtvTo3dEYw="}},"eQieokZz2ydNit/1z3OjPdHi6DId2QCCXFq129KCLdA=":{"valueMac":{"type":"Buffer","data":"YkTAtLttDWfT4bd39mB+iKuG2E5zP2a7GLWuDPKOJoc="}},"BN5Oft273uF+EV7ujzQ2lFMIRXCf0MHoNM9BhG+p6DI=":{"valueMac":{"type":"Buffer","data":"lTK7COnLJIeyfp+PeIH0I8PN1gW4pZJHWqZeE7bc0Z0="}},"QlXN38vI+bOG0WbXeFRdRk92R4/WZtnE1LLH9Qzo1P4=":{"valueMac":{"type":"Buffer","data":"GeFk6FoY3OEu+iCWsO+1qnUtxk4YWEcKmSSXHoghJ2o="}},"htXmhQIDbdS3bBMjMy2QvmfYNYzczYtXUeK5DbsDW8g=":{"valueMac":{"type":"Buffer","data":"iUe08a+YTYGP8eGUhjNGIdM04S9ejnplr9cHWpdxk8k="}},"KG8dbTPdY3puO/pQJq2AEDX0bV9M+3XkKiB16nH6UhU=":{"valueMac":{"type":"Buffer","data":"bWvkKFNGsGYenWd5FpyBLVIlqKvaM0sRQ+iuUmCfudc="}},"beUE1oj1UW8KfK8ne5Zq5mOqUWeO0fynpQprXedlmpY=":{"valueMac":{"type":"Buffer","data":"ySFSDusuXy9rTEuUM0FPC16JmG+OuJP1TEgfrTiLmJk="}},"ucw+JOQFSIFrXPirU+iyLpODdjwIHhEau9twSaGkqxQ=":{"valueMac":{"type":"Buffer","data":"a7w9W1LaEJ5oY9yeQ0/JOaXwLUlvA6noUUNKw19k3Eo="}},"PB5lkx0ZwrDSxsA/0qBv1XG+hlxpzxQWLh8MUeh+lpA=":{"valueMac":{"type":"Buffer","data":"oEVsgHDH9C2qkxfpbTuRKr6Iu9Is78he1NloMOugEsQ="}},"cJ/1cVay0tHZFLds1MuOc2kzmz4n48fkymci1OlcMig=":{"valueMac":{"type":"Buffer","data":"tFE2arXjFLUHpXB7/nCEZfM4NCiZ7Jd91UdTsa0easE="}},"9vOAeUAnilr2FRPCQu+La9dnGwFO6XC9ntyfK5szsEM=":{"valueMac":{"type":"Buffer","data":"B9PfFVGBzwI8NkYRJL38XPC6XTMPPbGcUQqNrxtk5TQ="}},"/Le8fa4luBjD32UcpBP0q/miemmrbnDwE+MW6sYSUyM=":{"valueMac":{"type":"Buffer","data":"OLGCYSP6oo/ebA6uo1QbxB+r7Zo/GCWwOmjhXpM8qfY="}},"M4Ljdb/2j3iQk0IoLfBc+rNsZAPyyMJuiKCspKJkEvY=":{"valueMac":{"type":"Buffer","data":"Hse2YCOs/kO1dkB5rmDwHteAWolxEjXHCy8jZjSRxbo="}},"zkzu1c4x5Xr8Llwz8HJIID+uhf8Ov7eNqrVE1+rxGWs=":{"valueMac":{"type":"Buffer","data":"X0Vl1GrNkXgKMCnDpnEkphEpL6H8DK7nn4jn/7Gpkn0="}},"V+CRGZ4J604TuRzXA3fQy9iC2ZeIU+PP5lDTCOZJfe8=":{"valueMac":{"type":"Buffer","data":"dNSKa6XY05IyGVvGAGW5yV52QkDetDh8e2Oxc8A2nho="}},"1Pc2OXd9L03f3T+j8jU5ecooYzD6gjfYlaDKlD8NDoU=":{"valueMac":{"type":"Buffer","data":"FVh2hIMpgOiJAEOty4IpWmibqmP/253wg5n/CT+AXfg="}},"Am1j/+UQPgW4rPLyPpxV5bAxha7JCMTO4lWavb8XFR0=":{"valueMac":{"type":"Buffer","data":"8BosEf3sOx26wh6N3sOCR1kXhKyl8U4NehenTSBaZTo="}},"oavqBO3A1K6ASxQo42GpMEY+H9TrEPZmXJw56NwMQbw=":{"valueMac":{"type":"Buffer","data":"ebp0aBfCwpDrwn5gvwECuZsSZT/zE9xWyjo7/meCNwY="}},"kaDGyuhwvmnmu7Mo6uBh1XNF8yKrIvqfVhZ0ius5Dzs=":{"valueMac":{"type":"Buffer","data":"jfIGiwrnKk78uZ6b1Ob18/wnNs2NCSaXaX9Gwl0kDbA="}},"og43z9QqpNDsHsE8H8pgseHMaqI+WreTSlP8ULSRlHs=":{"valueMac":{"type":"Buffer","data":"cs8vRukrySZHaKnf4EazH03lGo6G0Zi6B045BYZab6E="}},"NaUK8aRebvHezJBHtaSjlPNG7nK+8x9wqUU5C/oXkFw=":{"valueMac":{"type":"Buffer","data":"NN/+eV0fZF5oS+4qMIHzM4BmorU1kctO6dDKjx42F/A="}},"9S1knkApmOtNehlTViOc+4y00EKr8RvelwD3bTeyT4Q=":{"valueMac":{"type":"Buffer","data":"jutNZXpNxvevJ0T3xkI/fDpzD4BTULKEi4SyKjDcMm8="}},"3LZ2xLYgBkK476Jq6BoeaFPM5vFMK+gUN3/VlFNjBQE=":{"valueMac":{"type":"Buffer","data":"GYlWY6quPdHkVB2kehu6LoxhVmg6PRtZw4/e+2m6uPc="}},"3OMIzhC3EkhEkvdvyMG4Oy/0JEYxAvtAQ4nm39Hdq2o=":{"valueMac":{"type":"Buffer","data":"KvI9+gcksB9eylmMKUmmxLTKlIbInvuctp3eo+tqNOg="}},"3MAxI9SNMtw9D+UCT4Di+UCPh+QJzGCZgN5ys1Pa1sQ=":{"valueMac":{"type":"Buffer","data":"88NRI2l7jc/1S21ngj+mXjDZo1glMKbx0WvovGNl490="}},"PQZYhECPotxA/eaGfo2qLVO0LE4mZMbLRVukG+3+coM=":{"valueMac":{"type":"Buffer","data":"+R+UMDKE0GHbjscPIlklDRcHehSwey9AtcCB6bbV5dE="}},"gxhivMgoAo4uHjRR9CamBOGbdnJfOLXc6QZsjcmMaRs=":{"valueMac":{"type":"Buffer","data":"HWle82dsGMDAyKVuAgXR5su6ny5LljHNvJZBGBOEc94="}},"cmq3lHjBxQ0RPKOUzah21Lir4Lk4VK+ArAB7PTRzvFs=":{"valueMac":{"type":"Buffer","data":"hI7rgqOykKdbHHfEYtiZy7HVSwZGwx+Nen7+lCJHI+Y="}},"cG76ttNm7Ml+uffxElQ96on/l0yfX6WoKh1j7hMgAA8=":{"valueMac":{"type":"Buffer","data":"pHNsGRJWCcfMZA8CL8yH06RZqz4XyLcGSjVWj7rvQq0="}},"JO7yCIJJQfhcgZ0R32tfUbPOqggVi85/hqIi+ZS30AE=":{"valueMac":{"type":"Buffer","data":"LXhXRNeqQB+CVYErD1cVHdD9Gogl07iydTRjnLUaOlY="}},"UyLcKwIqFTb/Eq6gFib2MMJ9/vsB9rBgrmklsG6dwAk=":{"valueMac":{"type":"Buffer","data":"BVHeb2B1y2D4cVKhE3N3ljuAWJpsxPLBCe6uPjZeT8s="}},"nRY8fUHkNXU8Dbm+M83iwWdw9SwhquFJziajqSXe+24=":{"valueMac":{"type":"Buffer","data":"oFtV1zD7YdRCUitrFzeHBsbHaYu9H0YqoMCjZQqS/x4="}},"mCvSKwd7p+rOh/Msrl0W/+KGMWbigFibWdHqEuKgXxU=":{"valueMac":{"type":"Buffer","data":"XXXJ2vWY7b692915LdhGwCHD/j9/qV9Bh5Fv5aJyZCw="}},"5mTf7FF7rqQUGpkwt+3si2jgFMT8bErnCascEXknOEE=":{"valueMac":{"type":"Buffer","data":"p9ubXgWNShRh4GHxgH7Kck5PvbusPFaI2hJf43+oOsk="}},"ATSIMHsE1bvp2WvL3/ac3jEi8VegqN4AuanDxLBAHlo=":{"valueMac":{"type":"Buffer","data":"HQUsLTzupv6YvHaTf3VoNqEULVmzLgX9aX6bDhakp0E="}},"MSDYMbaxxSES2BmtMC0aLV5nxMvAg3Qa0tbrv6agcms=":{"valueMac":{"type":"Buffer","data":"sBWqEOE/+Tk+AGddGotQTxOyurlHibf117BQcDoozQA="}},"7sWniWOiyFxJgDAwfAFpeBcPKhCbUuO1pMe21PDLSgU=":{"valueMac":{"type":"Buffer","data":"vSze/brUaaH7BdTDS/EZyCP8X+oekE0WCSfD2FaOS3w="}},"PMCDKN8CCMlyWXnQlclytrFoXy4bYvimL50kEv1R0Ms=":{"valueMac":{"type":"Buffer","data":"NfH2nD55FQERa1UdO3WDD3peJGjFucvZN4VQ8PvZPJc="}},"ElEva1vg7mvFR0XYc49y6ucVMTSUd2pZ/rlBb4eyDNo=":{"valueMac":{"type":"Buffer","data":"eFeaHrq5YEwGLziILyG/yh9hN9YqLs7zESFaHDJIKOU="}},"ML0R3D8FdPHcOfnIY0z8rodYq+mmMbhK2ABQ87sEfB4=":{"valueMac":{"type":"Buffer","data":"UJcBEi3glXmref6fH9JeGPG2OXFehuTg4vGFY23bHyk="}},"k/VPLCI0gLcpLVnNGTPGR0hvTM9Ik2Teu5yeOuK0nK8=":{"valueMac":{"type":"Buffer","data":"m0GDHbpIPFVLhwIvJ8lL86YclONEVjzegTLqV8eJxR8="}},"nrGXXs6K/LuYPXpRXczgurSVmKtGPmpPgEUMC082qb0=":{"valueMac":{"type":"Buffer","data":"3hp9/d0u27lWp1zGbnK4qGvqJru4/WvUG58O0X4Kel0="}},"FW/dylM/GXP5ZTMRvElJ3uvjfjCdTnpiNYiH0wLKLbA=":{"valueMac":{"type":"Buffer","data":"JIqsT7FCOFCe90t6ocBEwlBcEYm6eqD03nqd7FHP4mM="}},"c7qLMdhk6xNpFQjlOEcdrfgpKPSZslwMoSvfaUN2U6Q=":{"valueMac":{"type":"Buffer","data":"ukWmfycVLe8MfrROi0CU3LkDfMXpxF2GomyKi7aVYao="}},"e6yS7Q/nkGiZajIcvcO+6RAkh8xfjc7JG6m44+EI/e0=":{"valueMac":{"type":"Buffer","data":"3K2H1kq4hvzfQgOovNK7hEA0hgB7JtcnI6REiCjiCtk="}},"0U8jPcfxWWpxaQcujK3hAgI75mSQnnUHDoB5M0EMxpY=":{"valueMac":{"type":"Buffer","data":"5u/dUPRJaR3cBvfuCM6qhrYqc7NhSVBfHcvxsfmjOvw="}},"52FToDESLJDxubXFHheOmIKv0ujlEHRw3GmhZ9R1BVo=":{"valueMac":{"type":"Buffer","data":"AdvqE6pz2NF5Yy4TBPoRAlKYu9pUK2WeMkfqZjeyCAc="}},"zsDZ/ZwXyzELCNhKv+xshlBnwCh55dOLEGqZ15Mq2AI=":{"valueMac":{"type":"Buffer","data":"rCp+o071veOUS415iiuLYZKRJ/FceNWLv8zhKEGi5VI="}},"68Fr+WPeYt0cwJRHivwUJ6bOhl2QSu5W5ln6XxCq7kg=":{"valueMac":{"type":"Buffer","data":"P0OWlH6wyrWs6zKgQ3l+XcfCrLD36jhAzN4ZM2hF5ak="}},"Y3IQhA3x6o+dqB190sRBtcIX8F5uFpAu/kMxNn3cH9E=":{"valueMac":{"type":"Buffer","data":"01vedGsfMpKnaCH8PpwpTOOpmxE+WIKuc+GJBDiyScY="}},"ifwCOLRuwIKesuyZK0MSZ5sH7rWRmCcOXZ4ZGtuc+o4=":{"valueMac":{"type":"Buffer","data":"TweHVfCBhN1EXfQA7jqijoRZV54+kisbsjPbWoZHxc8="}},"b8wADUv/bSwuYVyAg3GAWNFqpOcf2DwS5fN4qD+Wpig=":{"valueMac":{"type":"Buffer","data":"NXAPQmEvRo5omr/roICNVvj72f4zm+V15tOz7xcwUGc="}}}}