{"version":1,"hash":{"type":"Buffer","data":"dLg036du/lZr/ghRQJtF7fmvYeBWYS5wjTu5v4dvi/S2KE+obKbgiz0xUeOJ5Rv9PPuLtUYRmg5J44GOfM9ctmQII6C5t9SD61Dwn/awPFnOi+PWDu5LuKltCpwd9nWuCxpqsK9lXF2rRrZvViolj9r/sFIBMrhBP/lAR+sC5ZU="},"indexValueMap":{"YQOWL4YCDDc/oXmiYyHgLb9nA5eLsMDLd39ySfEg2r8=":{"valueMac":{"type":"Buffer","data":"0psDUKg902Tqzk1+CFrCJUdTV6w1LefciAkq+3E906I="}},"TR2Bio1ra8dj9mGm8FEVSO7Bpf3gfgNxZiSUL+MglGM=":{"valueMac":{"type":"Buffer","data":"ZvTPq00EcUPElDcvHnEAVwAQEFr75o64xaIjESPcMyA="}}}}