{"noiseKey":{"private":{"type":"Buffer","data":"MJXk8WUIpbdEKlwosScfvIkqZYEq7VC9u2xn+O6zvEk="},"public":{"type":"Buffer","data":"QXtLaM/sWr3MicVh0ZuySNBBcRI02gmKQyQWn9r5IiM="}},"pairingEphemeralKeyPair":{"private":{"type":"Buffer","data":"+GkL4JgiAq90p+AobdzweqbkXl4WzlAoObGpZ2TDAmo="},"public":{"type":"Buffer","data":"GmO15wSnRJF/4xTpA+SdxegttsDjZ8GEFKr6afRgKCM="}},"signedIdentityKey":{"private":{"type":"Buffer","data":"OMDQHqQ04e7CugWqKyHu0V2bCSs6wZ2QI3LXurKbeVI="},"public":{"type":"Buffer","data":"XIjIHltHXSr0xsD5hbslTEtdvjjYYwhMJQOMmr4iOTQ="}},"signedPreKey":{"keyPair":{"private":{"type":"Buffer","data":"iLAdiPCs/hyoCL9PlkQDlfeYPDlsk3lg55xgH9PPdFo="},"public":{"type":"Buffer","data":"ySDmoOiEtzd9XpICDn2IqArkWyCqrOxh9jvgAXmxJyU="}},"signature":{"type":"Buffer","data":"RYyEaf3/Kiyh5mCoUlAYPyDK7uGFQ/ZuaDFpBNoQaHXaWBMNW/Y2v647Xq9KQTE0bN5rmd/v3Pqii65rdddNiw=="},"keyId":1},"registrationId":213,"advSecretKey":"gJ02HXCmJooxbu0cPtUe3EnAQ0gdNuKUMmu+7f8foSw=","processedHistoryMessages":[{"key":{"remoteJid":"551152171102@s.whatsapp.net","fromMe":true,"id":"41BB5994F592503379845B562B1023DB"},"messageTimestamp":1744432156},{"key":{"remoteJid":"551152171102@s.whatsapp.net","fromMe":true,"id":"B3B02A3E9A724F2C93F2E2DD43169808"},"messageTimestamp":1744432156},{"key":{"remoteJid":"551152171102@s.whatsapp.net","fromMe":true,"id":"4D84A7529F8BD8382C2EC98228716AF8"},"messageTimestamp":1744432372},{"key":{"remoteJid":"551152171102@s.whatsapp.net","fromMe":true,"id":"1C5614293FCEC880F52A973E1D05845A"},"messageTimestamp":1744432608},{"key":{"remoteJid":"551152171102@s.whatsapp.net","fromMe":true,"id":"5873E7C2DCA3BA65E7A24670A38786CC"},"messageTimestamp":1744432760},{"key":{"remoteJid":"551152171102@s.whatsapp.net","fromMe":true,"id":"8E6695C7E112D4FEC75FBC19356516C7"},"messageTimestamp":1744432934},{"key":{"remoteJid":"551152171102@s.whatsapp.net","fromMe":true,"id":"933012BA4495209E818453DB5525354C"},"messageTimestamp":1744432958},{"key":{"remoteJid":"551152171102@s.whatsapp.net","fromMe":true,"id":"D0B5348AD6F4B0F1C1EBBF09BA62D188"},"messageTimestamp":1744432958},{"key":{"remoteJid":"551152171102@s.whatsapp.net","fromMe":true,"id":"1897BC9E210A9F822A84249E81404BBD"},"messageTimestamp":1744432959}],"nextPreKeyId":31,"firstUnuploadedPreKeyId":31,"accountSyncCounter":1,"accountSettings":{"unarchiveChats":false},"registered":true,"pairingCode":"PLH6G3VQ","me":{"id":"551152171102:2@s.whatsapp.net","name":"Tanjiro","lid":"71597708808301:2@lid"},"account":{"details":"CJfpysEDEIXY578GGAIgACgA","accountSignatureKey":"OtgYdhu7zHcavtCYJAOtSmR+2xG9wiV7jaj6k8xYmF4=","accountSignature":"sdUYBVsu39lPP9oCFWzh3w0MgclIKGHKYHcw/gel/2gwRD7+ko4YPw6T9YxkSlAn1vAysHsOVFNsAFErQiHjBQ==","deviceSignature":"HQEFMmkNRg262piu1e8whSfEBNKuOzHjXdV8ZnxpsevlB8WCk1IK6yhN6Vx0kzXmuMzjY72NCRSqWT/wqCRKgw=="},"signalIdentities":[{"identifier":{"name":"551152171102:2@s.whatsapp.net","deviceId":0},"identifierKey":{"type":"Buffer","data":"BTrYGHYbu8x3Gr7QmCQDrUpkftsRvcIle42o+pPMWJhe"}}],"platform":"smba","routingInfo":{"type":"Buffer","data":"CAgIEg=="},"lastAccountSyncTimestamp":1744432810,"lastPropHash":"3R9Z39","myAppStateKeyId":"AAAAAHx/"}