[{"senderKeyId":268240699,"senderChainKey":{"iteration":357,"seed":"D50gM3tKahXJWDg/tMXM/PlEOlUiEECSLbR9gXjqEig="},"senderSigningKey":{"public":"BZGWrfFpB6LP830cpoYDoBqqm+E++uiqiyew9KHTIuU6","private":"KJJaYrSIqSqgRGVGzKSgmhkRSvE4wsNe5ZLTuldtkGo="},"senderMessageKeys":[{},{},{},{},{},{},{},{},{},{},{},{},{},{},{},{},{},{},{},{},{},{},{},{},{},{},{},{},{},{},{},{},{},{},{},{},{},{},{},{},{},{},{},{},{},{},{},{},{},{},{},{},{},{},{},{},{},{},{},{},{},{},{},{},{},{},{},{},{},{},{},{},{},{},{},{},{},{},{},{},{},{},{},{},{},{},{},{},{},{},{},{},{},{},{},{},{},{},{},{},{},{},{},{},{},{},{},{},{},{},{},{},{},{},{},{},{},{},{},{},{},{},{},{},{},{},{},{},{},{},{},{},{},{},{},{},{},{},{},{},{},{},{},{},{},{},{},{},{},{},{},{},{},{},{},{},{},{},{},{},{},{},{},{},{},{},{},{},{},{},{},{},{},{},{},{},{},{}]}]