{"_sessions":{"BQcQxcS0aLthIPQySNWzOVMdmNQDSATLal4pTq7UPqI7":{"registrationId":126737827,"currentRatchet":{"ephemeralKeyPair":{"pubKey":"BaVVNV3KZDKqTrcQK7bjc+1ukkaPt36FBvGkugubwHth","privKey":"uE6L/beP3XUR6vPXkiQo33YIXdSH6u+wzuVrla4oUFc="},"lastRemoteEphemeralKey":"BRIoZuhRH9wM9S2XteDI8MCd2+bD547KPD9AsqMyYgxi","previousCounter":0,"rootKey":"JS8RMZdYJumlJhu6aWt1uwtKjPjuRLn7pp/nzTWJrd4="},"indexInfo":{"baseKey":"BQcQxcS0aLthIPQySNWzOVMdmNQDSATLal4pTq7UPqI7","baseKeyType":2,"closed":-1,"used":1744472381004,"created":1744472381004,"remoteIdentityKey":"BRvvbJM4OQCrMRGPm6Ut/R70BsII5F+RhbWKwXb8cLIg"},"_chains":{"BRIoZuhRH9wM9S2XteDI8MCd2+bD547KPD9AsqMyYgxi":{"chainKey":{"counter":0,"key":"bxfe6dzyMlpJMzszdP1Y1KdnIelpbUvva0FeDzGQ8aY="},"chainType":2,"messageKeys":{}},"BaVVNV3KZDKqTrcQK7bjc+1ukkaPt36FBvGkugubwHth":{"chainKey":{"counter":-1,"key":"+SOTwnUrNZM6V+2IDuzJGh6RA/vegrg0h+jigZHnUxE="},"chainType":1,"messageKeys":{}}}}},"version":"v1"}