{"_sessions":{"BZwTk4I5b3TBTBy+CTRQE9Cvnf57+3qzRAtBMozs28Id":{"registrationId":827328295,"currentRatchet":{"ephemeralKeyPair":{"pubKey":"Be8nQZtD6xPL0POS4LxyIGw6Fd+PL1zfwN/1XAHu/kA5","privKey":"+K8J7sdWUqBaSxiubObjZGKdJautsGRE/HnkT6RcZmY="},"lastRemoteEphemeralKey":"BUCm9lrXSp/mhPVK2Uwa5MAO8PJav5q8GKPGnLsZoK9V","previousCounter":0,"rootKey":"QonDHZSrWzMK4rEWjtTyHpKSY8+pePbWo77dJxCmF5E="},"indexInfo":{"baseKey":"BZwTk4I5b3TBTBy+CTRQE9Cvnf57+3qzRAtBMozs28Id","baseKeyType":2,"closed":-1,"used":1744492225232,"created":1744492225232,"remoteIdentityKey":"BeRaCeB7OvrwacWXbUHSyvmMz8XC03+Rk2jLROAzPYYe"},"_chains":{"BUCm9lrXSp/mhPVK2Uwa5MAO8PJav5q8GKPGnLsZoK9V":{"chainKey":{"counter":3,"key":"g5TdHnSjBhE3hK84CZA0/668sdqwr17jOVWwX/ywsvU="},"chainType":2,"messageKeys":{}},"Be8nQZtD6xPL0POS4LxyIGw6Fd+PL1zfwN/1XAHu/kA5":{"chainKey":{"counter":1,"key":"SiCthICdtfhkoPS4t+VeBmy4mRBMlcF5E4p11EhXpCM="},"chainType":1,"messageKeys":{}}}}},"version":"v1"}