{"_sessions":{"BSzxAfbF9Qw45j/tn45yONMGwatkMgMis/yO0+pVNrAG":{"registrationId":26,"currentRatchet":{"ephemeralKeyPair":{"pubKey":"BULhsNYP+eUG68suvRyCTP8KKP41mTgZM3g6lXvq1k1n","privKey":"GIWosz400+VzZZOsaGrAxykEESS8GbcxLrn4ccz7q04="},"lastRemoteEphemeralKey":"BR3Uc3bpO/M4pDL30h0VHSkZeoFADRaBPmZOY9vN1S5G","previousCounter":0,"rootKey":"ULD0ljFA0njo/B8YPbq5ya2nAa9y8WdeLcX/OQ6mt1w="},"indexInfo":{"baseKey":"BSzxAfbF9Qw45j/tn45yONMGwatkMgMis/yO0+pVNrAG","baseKeyType":1,"closed":-1,"used":1744432219763,"created":1744432219763,"remoteIdentityKey":"BXY1Y06hgpnqby9v5YAK61VFIi+PncMrW0mIMpqvraUW"},"_chains":{"BULhsNYP+eUG68suvRyCTP8KKP41mTgZM3g6lXvq1k1n":{"chainKey":{"counter":0,"key":"+6uqSV/CvlEicnUhZyjarmBcIBoGNIIxE4+4Xok7fcc="},"chainType":1,"messageKeys":{}}},"pendingPreKey":{"signedKeyId":1,"baseKey":"BSzxAfbF9Qw45j/tn45yONMGwatkMgMis/yO0+pVNrAG"}}},"version":"v1"}