{"_sessions":{"Bay6LBYAUjZzOvjiM+4ihAFXV1ULMCr3/aLinM8a8sQ7":{"registrationId":1067886741,"currentRatchet":{"ephemeralKeyPair":{"pubKey":"BeeUKZshQaD7cwSbBPhF2M6aAss4e9/zeL7JPB+Wmg91","privKey":"GAXWQ6hjgx4N3g/wMIEiiDQRTmooFJnsz5k3P4Sv0nQ="},"lastRemoteEphemeralKey":"BYjeI3ltSnRXKS/Cfh4R70IJH44acch28Q8TsNFJnYwK","previousCounter":0,"rootKey":"83XHjzzDBNzpmMgjiTMHlS0ZImsTjcxiWSl8bELJFrc="},"indexInfo":{"baseKey":"Bay6LBYAUjZzOvjiM+4ihAFXV1ULMCr3/aLinM8a8sQ7","baseKeyType":2,"closed":-1,"used":1744472294432,"created":1744472294431,"remoteIdentityKey":"BQtoILAgErf4Ynnkp5cfeQFDvTB+d1Iesmq1260HlXMq"},"_chains":{"BYjeI3ltSnRXKS/Cfh4R70IJH44acch28Q8TsNFJnYwK":{"chainKey":{"counter":2,"key":"9giOjWaEx/5kc/mbpWnh2mmFCITYdulqKFdV6zGBEdc="},"chainType":2,"messageKeys":{"0":"FDjWhTg+kNs+DAvSx3KtBdzMhSrBEHHpAiiZSL/Ugtw="}},"BeeUKZshQaD7cwSbBPhF2M6aAss4e9/zeL7JPB+Wmg91":{"chainKey":{"counter":-1,"key":"pqTDUL+7x0F7MW3sSOyQbMlWbNnIitLkrJ2Cm4498To="},"chainType":1,"messageKeys":{}}}}},"version":"v1"}