{"_sessions":{"BUkOJYLZzeK5pH9wY2UIsNO08N4raxjqJrcBgvxUqX4K":{"registrationId":12685,"currentRatchet":{"ephemeralKeyPair":{"pubKey":"BVZqakqdMpWXQCrxUIxpbeIjcoO61iZsDSRXn4UptgIe","privKey":"aIN0LbMOWKUEPsTGUFksirE0L7FAVhh2xnbJI5+9jmY="},"lastRemoteEphemeralKey":"BVQrKdS27HjSoPfqrVJxUrx+Axswy0Nwh9oSW+F5haYN","previousCounter":0,"rootKey":"2CSlehdFLYokKOjercY3EjFdBy+iblSz/bS2OZwRNzw="},"indexInfo":{"baseKey":"BUkOJYLZzeK5pH9wY2UIsNO08N4raxjqJrcBgvxUqX4K","baseKeyType":1,"closed":-1,"used":1744432219786,"created":1744432219786,"remoteIdentityKey":"BRkbOYdJlI7I5lKceJhNiTGDG/VP7KPC+otuYXZe70F9"},"_chains":{"BVZqakqdMpWXQCrxUIxpbeIjcoO61iZsDSRXn4UptgIe":{"chainKey":{"counter":0,"key":"+fCf7Un2dTBE7oPCXa7R/vDFl9le1kJd6G8kgQf7hnM="},"chainType":1,"messageKeys":{}}},"pendingPreKey":{"signedKeyId":1,"baseKey":"BUkOJYLZzeK5pH9wY2UIsNO08N4raxjqJrcBgvxUqX4K","preKeyId":686}}},"version":"v1"}