{"_sessions":{"BU/fr6Q9dN6tyx1iuKa0q+zkBR3Z5xtL2BvmdjoS+zRI":{"registrationId":2021167546,"currentRatchet":{"ephemeralKeyPair":{"pubKey":"BUTfYsBZFeRUCOiwsgonfbxKGX/rXVxYOCq9MB2+ZO0X","privKey":"AHWmyYKdvuA0MUQVgVH2FDZGPhNPfTPliYIEdMJW81g="},"lastRemoteEphemeralKey":"BREghv1nrO8MLwpq+G85ZJHFq3eJawWt4DotWkn5ivRH","previousCounter":0,"rootKey":"2pjjUPMKcnzXvXhbj7qZWN272rLr6hPXGoT9TkhTQ2Q="},"indexInfo":{"baseKey":"BU/fr6Q9dN6tyx1iuKa0q+zkBR3Z5xtL2BvmdjoS+zRI","baseKeyType":2,"closed":-1,"used":1744453194501,"created":1744432151456,"remoteIdentityKey":"BTrYGHYbu8x3Gr7QmCQDrUpkftsRvcIle42o+pPMWJhe"},"_chains":{"BdmIOMtLN2n4UMwkxNzcbPd45pZQJdo5TWWRVKagupkC":{"chainKey":{"counter":5},"chainType":2,"messageKeys":{}},"BZfzCcbMlF1iid95lD8WJWRG+eMXtkO15WJfMtqnzgFy":{"chainKey":{"counter":7},"chainType":2,"messageKeys":{}},"BfipTJn6OYWIEUBkDmzD+AOeOZ4JR/09lj5COoGc9WZY":{"chainKey":{"counter":0},"chainType":2,"messageKeys":{}},"Bb1rvzGfLO18QqT3wu74cl2Gvz7zbSjf/rqAQzrVhDgO":{"chainKey":{"counter":0},"chainType":2,"messageKeys":{}},"BSsAI0/E8K3hsexjY6W/a4NqzBdh0x2Qta9fKrmQVhVY":{"chainKey":{"counter":0},"chainType":2,"messageKeys":{}},"BbLu0EymSpUQXPY5zDALSUGp7Mpqm/fP3B5LNTHi0WIL":{"chainKey":{"counter":0},"chainType":2,"messageKeys":{}},"Bb1fqK+xuxTfwQYOAJtePmglnDEc3MIIsiyIFEsv+FET":{"chainKey":{"counter":0},"chainType":2,"messageKeys":{}},"BXemntroalD0MeU0XWVmQloKPnA2ObGHwIJ9OYwiNaUk":{"chainKey":{"counter":0},"chainType":2,"messageKeys":{}},"BTP8GPCAToooYUhUyzNAZ8PvNn0nmkjNVgMPOUtcRSpU":{"chainKey":{"counter":0},"chainType":2,"messageKeys":{}},"BTUUhoekl2ZTAzAphiuFK6LJjK4J1hlyV9SDXpj8ZcVz":{"chainKey":{"counter":0},"chainType":2,"messageKeys":{}},"BWfz9ke5v7oe0GGsMP4W+zsLkWDROyKfLovLYRdU+Spl":{"chainKey":{"counter":0},"chainType":2,"messageKeys":{}},"BWnzfvHjarpDi+6ZImgnz+d8Ae0LWZvUvE2aGvSuT0MM":{"chainKey":{"counter":0},"chainType":2,"messageKeys":{}},"BXkb9Et8hPpGC51S3TU0hNPe8Ojcq847mnyLymClgTBz":{"chainKey":{"counter":0},"chainType":2,"messageKeys":{}},"BShtu5l0cvxedbRvi/FnGNONvEVzPGsuFU6Qz78eZlUh":{"chainKey":{"counter":0},"chainType":2,"messageKeys":{}},"BQvLKSTGrd/Vdb61GWC7I8fIrr+pr3nXVyQqzG4aOL1X":{"chainKey":{"counter":0},"chainType":2,"messageKeys":{}},"BXymI+Lj7fUz1LRdPj4fNIEZPQiAjrgupSuzLY6ohpYo":{"chainKey":{"counter":0},"chainType":2,"messageKeys":{}},"BeGZMdSg/L/rn5V/dCwXBRncOh2PkFS0YTQ4WOoFZpQn":{"chainKey":{"counter":0},"chainType":2,"messageKeys":{}},"BTxpVJIH5Xh87EytmbP50bZF/6Q2PbXi6Uqem8s1dc8h":{"chainKey":{"counter":0},"chainType":2,"messageKeys":{}},"BVrqIMYLa4GFtnlpYv2kdEzSqo1qLgYX93ed8n7kYicm":{"chainKey":{"counter":0},"chainType":2,"messageKeys":{}},"BYRcmDtaUJbwfMDDN96LRyyqXGOpI6FX3DGbPKSm7G85":{"chainKey":{"counter":0},"chainType":2,"messageKeys":{}},"BfvDHcDuBtmKFLvlxzYxfvzDSEPaL9fCd4IkMTVYov94":{"chainKey":{"counter":0},"chainType":2,"messageKeys":{}},"BZZnPyJrBrB53arLUBM++NP2Su00jEe1sd3pwfBt84R/":{"chainKey":{"counter":0},"chainType":2,"messageKeys":{}},"BWksj/QOdzNvrZuILq12gakZ3EZhwV2wPdbS3iolnf8Y":{"chainKey":{"counter":0},"chainType":2,"messageKeys":{}},"Bb5r/4/kjhRlW6W13EGumtE+wLp5o7svtGYNyMbSH5wX":{"chainKey":{"counter":0},"chainType":2,"messageKeys":{}},"BSyOI+zY0h397Dc3mGO+KvMZQUUszkaZ9ye1RI/deV1b":{"chainKey":{"counter":0},"chainType":2,"messageKeys":{}},"BXzaj9wbtIkUJ3ue6xXTiw9ovinG7V9/AL/wVCZc9udO":{"chainKey":{"counter":0},"chainType":2,"messageKeys":{}},"BREghv1nrO8MLwpq+G85ZJHFq3eJawWt4DotWkn5ivRH":{"chainKey":{"counter":0,"key":"9zBTG1zmB2YikASeAQUxB/Z9dLXvm+nLe9rSqTR1R7U="},"chainType":2,"messageKeys":{}},"BUTfYsBZFeRUCOiwsgonfbxKGX/rXVxYOCq9MB2+ZO0X":{"chainKey":{"counter":2,"key":"eoBmmbtUqSKLtUarJZgZc88jiYRXIN43Feu0I2CD7/M="},"chainType":1,"messageKeys":{}}}}},"version":"v1"}