{"_sessions":{"BS32Ht8RbzOMg1RUskKVpZnaxxSVoLUQWT/vbOXMKlxG":{"registrationId":1720697318,"currentRatchet":{"ephemeralKeyPair":{"pubKey":"BcnEo117hGq7X7D/gbACihMY9og03ZvpCfNCp2QedxBB","privKey":"KB7FLLhIbyCKAtttdL4T/V3ste9X1Q6MX1Xp5MR8qHY="},"lastRemoteEphemeralKey":"BSgy7MY11PrWCoPEUAGim2qSvl/5k+sBc3a7w/O1jQwz","previousCounter":0,"rootKey":"neZeEAXBi2ID0bF0Ut/fqna3Na01eekEFJIbCxLf+3E="},"indexInfo":{"baseKey":"BS32Ht8RbzOMg1RUskKVpZnaxxSVoLUQWT/vbOXMKlxG","baseKeyType":1,"closed":-1,"used":1744521187588,"created":1744432219810,"remoteIdentityKey":"BXtDO399QFBj3vZsx78lsb7IpOdM5PwDDq+1qX9eIjYl"},"_chains":{"BSgy7MY11PrWCoPEUAGim2qSvl/5k+sBc3a7w/O1jQwz":{"chainKey":{"counter":1,"key":"4sBFf+8anUyv6xAprCzgKB8QGq2C+h0WUA0OSi+UQAg="},"chainType":2,"messageKeys":{}},"BcnEo117hGq7X7D/gbACihMY9og03ZvpCfNCp2QedxBB":{"chainKey":{"counter":-1,"key":"WwjSPnLmx8oU/JN+ImWCNP1EGMGJNDveogAhjBLf3X8="},"chainType":1,"messageKeys":{}}}}},"version":"v1"}