{"_sessions":{"BbIVfs/iZEJAPc7/d3Mb6k2ggAU5JOUcMTCh1rXBbf1g":{"registrationId":651175605,"currentRatchet":{"ephemeralKeyPair":{"pubKey":"BYIOxFVJdYzKe9GUmBw+ww9bu7ndKrmAHq8RiUecLVV3","privKey":"0C1CzpE2vUh1U8nvFLwDxdu6UPsuTUicf22H5L4soVc="},"lastRemoteEphemeralKey":"BTRyaHboCVBX7jbkNwbt2YjqmDMCvi0qi9mhVz4txmJ7","previousCounter":0,"rootKey":"KwfQT5eml+3Pqqomv2Rth2uqIYUMklMaCtyKrRHO4DQ="},"indexInfo":{"baseKey":"BbIVfs/iZEJAPc7/d3Mb6k2ggAU5JOUcMTCh1rXBbf1g","baseKeyType":1,"closed":-1,"used":1744432219853,"created":1744432219853,"remoteIdentityKey":"BTSekv1BTqpn0Fa94X+7GtWv1JCERVe4tfOogQ1zCFRf"},"_chains":{"BYIOxFVJdYzKe9GUmBw+ww9bu7ndKrmAHq8RiUecLVV3":{"chainKey":{"counter":0,"key":"oN9fZ/tRDP7g+uuB04NmCYvpe44+FZ+wnnJOUfstfYw="},"chainType":1,"messageKeys":{}}},"pendingPreKey":{"signedKeyId":1,"baseKey":"BbIVfs/iZEJAPc7/d3Mb6k2ggAU5JOUcMTCh1rXBbf1g"}}},"version":"v1"}