{"_sessions":{"BUJWPQ2K8ouPaDFt1gFWfYr1+5qnI8D908d+NRwW5fwe":{"registrationId":161917200,"currentRatchet":{"ephemeralKeyPair":{"pubKey":"BeEBMKfRaal6s9H/S9o+/PNY+RooeTvJF7trzvQOOK4Z","privKey":"iDzzt5O8CJt5Hp3TMCl2xNjIWjgJU3dcNnyepJPf+Gw="},"lastRemoteEphemeralKey":"BRQtTl0WTBG86yrYpBzhc3EbT2c4PRtUwntzuZd+wwci","previousCounter":0,"rootKey":"+QihgQTHkizx0QjTAN7U3OXSgEu4jYcwF/+1vohWKNI="},"indexInfo":{"baseKey":"BUJWPQ2K8ouPaDFt1gFWfYr1+5qnI8D908d+NRwW5fwe","baseKeyType":2,"closed":-1,"used":1744514382113,"created":1744514382113,"remoteIdentityKey":"BV3kuam65O3ZprfsEcuauH1rLMHPp98xZGYe3LWVqnp+"},"_chains":{"BRQtTl0WTBG86yrYpBzhc3EbT2c4PRtUwntzuZd+wwci":{"chainKey":{"counter":0,"key":"T/81Ic+vAR11hMKRjO9m3oRS2ppeATt+FA1uPJXakUY="},"chainType":2,"messageKeys":{}},"BeEBMKfRaal6s9H/S9o+/PNY+RooeTvJF7trzvQOOK4Z":{"chainKey":{"counter":-1,"key":"hBtHIE8VJrrk92b01cAkLG8H1xeviiLr2H33PgwgbEs="},"chainType":1,"messageKeys":{}}}}},"version":"v1"}