{"_sessions":{"BVes0tIQ8Y+ighs7HAdYUHLgxt6qsgy4s4zAjj2g8h0/":{"registrationId":132,"currentRatchet":{"ephemeralKeyPair":{"pubKey":"BTi794IE7mZ812elXc2/bZ4VQqBl7gl/Sh4nsrL16jx9","privKey":"wMBdsyj77zEvy63Vi8zYdFxQ3OW1KcwzxE723VQC50g="},"lastRemoteEphemeralKey":"BeaJ2isY1MvuGUxGCbmR6vE6VDRwv6rojWhmqIeTTso4","previousCounter":0,"rootKey":"8erDmiKKkXvaYLzqtP4N0zyG/GOVAU4y7R+Ks07WsH0="},"indexInfo":{"baseKey":"BVes0tIQ8Y+ighs7HAdYUHLgxt6qsgy4s4zAjj2g8h0/","baseKeyType":1,"closed":-1,"used":1744432219744,"created":1744432219744,"remoteIdentityKey":"BUdQ40moW4saiVusxM5fkMBG5mhP+MPjjnCNPfdmxD9A"},"_chains":{"BTi794IE7mZ812elXc2/bZ4VQqBl7gl/Sh4nsrL16jx9":{"chainKey":{"counter":0,"key":"yNDo/UpQeSjGLh0Fh/s5BvY7S2q1WJHOLhZq/ZTOuaQ="},"chainType":1,"messageKeys":{}}},"pendingPreKey":{"signedKeyId":1,"baseKey":"BVes0tIQ8Y+ighs7HAdYUHLgxt6qsgy4s4zAjj2g8h0/"}}},"version":"v1"}