{"_sessions":{"BbfQeZIUZyCLcMskQ1f+1/uNoFtoDh27jMKbj4YFqRYl":{"registrationId":146,"currentRatchet":{"ephemeralKeyPair":{"pubKey":"BWsZSKv3lOtyEEXJnbOAmg4n+VUSyMEAkliBGq0+OkRf","privKey":"2HljND0QYSokB2R4i9D1jjHcc+kP3ewDuJ4/C/sBTG8="},"lastRemoteEphemeralKey":"BTOHA5jubi3P4xLka+4KQ7oz21rvzacjakEsZkHj3pdR","previousCounter":0,"rootKey":"l7XgV954AlOP9EhBByfacot+otf+iuYX6vhihZKI0dM="},"indexInfo":{"baseKey":"BbfQeZIUZyCLcMskQ1f+1/uNoFtoDh27jMKbj4YFqRYl","baseKeyType":1,"closed":-1,"used":1744432219723,"created":1744432219723,"remoteIdentityKey":"BVIYpb2C884U7k+GbyFw8WomVDEmXLUJkI+iojTTC2kO"},"_chains":{"BWsZSKv3lOtyEEXJnbOAmg4n+VUSyMEAkliBGq0+OkRf":{"chainKey":{"counter":2,"key":"WuRfHlchpKAjpfyDDQwuByzVBoK4IdBRYXLwj7KOhJI="},"chainType":1,"messageKeys":{}}},"pendingPreKey":{"signedKeyId":1,"baseKey":"BbfQeZIUZyCLcMskQ1f+1/uNoFtoDh27jMKbj4YFqRYl","preKeyId":3}}},"version":"v1"}