{"_sessions":{"BVB0Fb+Tl4+YSKYM/J9jlIwakx/d3j61tIOLyzGWNW5T":{"registrationId":1785552700,"currentRatchet":{"ephemeralKeyPair":{"pubKey":"BVrr30XtS8WUkJFskUOede8f+ZHL5Ho/xu0ELky02CVB","privKey":"cDajNgviFgOBUa7bZduEnleY14A6WSTMrEj6Z3eOMl0="},"lastRemoteEphemeralKey":"BQHzKd80rnVErfIt6n7YIhusp5ire8krq3Vc9uTLm6gU","previousCounter":0,"rootKey":"pfQSHU9aAFRsh6cs5y4hCeQn9O9jKTVM5cBYwF6HgPg="},"indexInfo":{"baseKey":"BVB0Fb+Tl4+YSKYM/J9jlIwakx/d3j61tIOLyzGWNW5T","baseKeyType":1,"closed":-1,"used":1744451708737,"created":1744432219833,"remoteIdentityKey":"BSNZlfhYrItyLHsoSQC0NmfTyBLGzgzDMlgAKAK+3KFk"},"_chains":{"BQHzKd80rnVErfIt6n7YIhusp5ire8krq3Vc9uTLm6gU":{"chainKey":{"counter":0,"key":"xCQjHgEhYWE+keiyldivTRilhXzfHPZW9SiJg+nXg8Q="},"chainType":2,"messageKeys":{}},"BVrr30XtS8WUkJFskUOede8f+ZHL5Ho/xu0ELky02CVB":{"chainKey":{"counter":-1,"key":"QPTPxECR+LL7SqMKazEpb/Vkkazt3pYIJj0EHk//g+k="},"chainType":1,"messageKeys":{}}}}},"version":"v1"}