{"_sessions":{"BSuRzinYhK/gJucWcyCaDUwBsLbdllwGxaYbxxmmRUE+":{"registrationId":87984681,"currentRatchet":{"ephemeralKeyPair":{"pubKey":"BZsTz8KyzDmwhGbi7jjISTbsguTCUpT2Cfd+Y+4k2Jxx","privKey":"SPEHCNbEI/7lh8cnfeLL+4u+QpTxkUJog9boW3RS21k="},"lastRemoteEphemeralKey":"BYo8rhEOHYif9H7wh9fqizMrekJx7DT4WMipgUHoQHgU","previousCounter":0,"rootKey":"wbNdaM18vCZxa8EnRS0OcH8DsowS6eVp/Y6dd/bQSaQ="},"indexInfo":{"baseKey":"BSuRzinYhK/gJucWcyCaDUwBsLbdllwGxaYbxxmmRUE+","baseKeyType":2,"closed":-1,"used":1744432186256,"created":1744432186256,"remoteIdentityKey":"BbnWJ91x3hrTXPkFDAIl11eAG1wB4HxWatt1cnBLjZAc"},"_chains":{"BYo8rhEOHYif9H7wh9fqizMrekJx7DT4WMipgUHoQHgU":{"chainKey":{"counter":0,"key":"4+2uulVKMt15weSGeUAEclEbAG0WwRVUM1KKMRaE+Po="},"chainType":2,"messageKeys":{}},"BZsTz8KyzDmwhGbi7jjISTbsguTCUpT2Cfd+Y+4k2Jxx":{"chainKey":{"counter":0,"key":"crHp6KWR0BzYyvxx7BLIC/GxRli81r8552cKd/cq9G4="},"chainType":1,"messageKeys":{}}}}},"version":"v1"}