[
  {
    "name": "Teste",
    "groupId": "120363362154207918@g.us",
    "x9": false,
    "antiimg": false,
    "antivideo": false,
    "antiaudio": false,
    "antisticker": false,
    "antidoc": false,
    "antictt": false,
    "antiloc": false,
    "antilinkgp": true,
    "antilinkhard": true,
    "antifake": false,
    "antiporn": false,
    "Odelete": false,
    "antispam": false,
    "antinotas": false,
    "anticatalogo": false,
    "visuUnica": false,
    "registrarFIGUS": false,
    "soadm": false,
    "listanegra": [],
    "advertir": [],
    "prefixos": [
      "-"
    ],
    "advertir2": [],
    "legenda_estrangeiro": "0",
    "legenda_documento": "0",
    "legenda_video": "0",
    "legenda_imagem": "0",
    "multiprefix": false,
    "forca_ofc": [
      {
        "acertos": 0,
        "erros": 0,
        "palavra": [
          "_",
          "_",
          "_",
          "_"
        ],
        "escreveu": [],
        "palavra_ofc": "gato",
        "dica": "ele tem 4 patas, e o rugido dele começa com m 😉",
        "tema": "animal"
      }
    ],
    "ausentes": [],
    "forca_inc": true,
    "antipalavrao": {
      "active": false,
      "palavras": []
    },
    "limitec": {
      "active": false,
      "quantidade": null
    },
    "wellcome": [
      {
        "bemvindo1": false,
        "legendabv": "Olá #numerodele#, seja bem vindo (a) ao grupo: #nomedogp#",
        "legendasaiu": "#numerodele# – Saiu do grupo: #nomedogp#"
      },
      {
        "bemvindo2": false,
        "legendabv": "Olá #numerodele#, seja bem vindo (a) ao grupo: #nomedogp#",
        "legendasaiu": "#numerodele# – Saiu do grupo: #nomedogp#"
      }
    ],
    "simi1": false,
    "simi2": false,
    "autosticker": false,
    "autoresposta": false,
    "jogos": false,
    "level": false,
    "bangp": false,
    "nsfw": true,
    "aluguel": false,
    "antibot": true
  }
]
