[
  {
    "name": "Teste",
    "groupId": "120363351175254484@g.us",
    "x9": false,
    "antiimg": true,
    "antivideo": false,
    "antiaudio": true,
    "antisticker": true,
    "antidoc": false,
    "antictt": false,
    "antiloc": false,
    "antilinkgp": false,
    "antilinkhard": false,
    "antifake": false,
    "antiporn": false,
    "Odelete": false,
    "antispam": false,
    "antinotas": true,
    "anticatalogo": false,
    "visuUnica": false,
    "registrarFIGUS": false,
    "soadm": false,
    "listanegra": [],
    "advertir": [],
    "prefixos": [
      "!"
    ],
    "advertir2": [],
    "legenda_estrangeiro": "0",
    "legenda_documento": "0",
    "legenda_video": "0",
    "legenda_imagem": "0",
    "multiprefix": true,
    "forca_ofc": [
      {
        "acertos": 0,
        "erros": 0,
        "palavra": [],
        "escreveu": [],
        "palavra_ofc": 0,
        "dica": 0,
        "tema": 0
      }
    ],
    "ausentes": [],
    "forca_inc": false,
    "antipalavrao": {
      "active": false,
      "palavras": []
    },
    "limitec": {
      "active": true,
      "quantidade": null
    },
    "wellcome": [
      {
        "bemvindo1": false,
        "legendabv": "Olá #numerodele#, seja bem vindo (a) ao grupo: #nomedogp#",
        "legendasaiu": "#numerodele# – Saiu do grupo: #nomedogp#"
      },
      {
        "bemvindo2": false,
        "legendabv": "Seja bem-vindo testa o seu bote free",
        "legendasaiu": "#numerodele# – Saiu do grupo: #nomedogp#"
      }
    ],
    "simi1": false,
    "autosticker": false,
    "autoresposta": false,
    "jogos": false,
    "level": false,
    "bangp": false,
    "nsfw": false,
    "aluguel": false,
    "Limit_tempo": "10"
  }
]
